{"cameraMode":{"drawMode":0,"name":"Shaded","section":"Shading Mode"},"sceneLighting":true,"audioPlay":false,"sceneViewState":{"showFog":true,"showMaterialUpdate":false,"showSkybox":true,"showFlares":true,"showImageEffects":true,"showParticleSystems":true},"in2DMode":false,"pivot":{"x":-1.8668873310089112,"y":0.780275821685791,"z":-3.4543092250823976},"rotation":{"x":-0.07206828892230988,"y":-0.9001184701919556,"z":0.3974544405937195,"w":-0.16323290765285493},"size":3.7914116382598879,"orthographic":false}